{"cameraMode":{"drawMode":0,"name":"Shaded","section":"Shading Mode"},"sceneLighting":true,"audioPlay":false,"sceneViewState":{"m_AlwaysRefresh":false,"showFog":true,"showSkybox":true,"showFlares":true,"showImageEffects":true,"showParticleSystems":true,"showVisualEffectGraphs":true,"m_FxEnabled":true},"in2DMode":false,"pivot":{"x":-0.2734892666339874,"y":-6.347248077392578,"z":32.78496551513672},"rotation":{"x":-0.26124289631843569,"y":0.003471167990937829,"z":-0.0009396706009283662,"w":-0.9652745723724365},"size":20.130319595336915,"orthographic":false}